Class; Value; Class start; Class end;
1;298343;0.000000000000;1.725697994672;
2;60162;1.725697994672;3.451395989343;
3;49342;3.451395989343;5.177093984015;
4;42110;5.177093984015;6.902791978687;
5;37299;6.902791978687;8.628489973358;
6;33164;8.628489973358;10.354187968030;
7;30241;10.354187968030;12.079885962702;
8;26821;12.079885962702;13.805583957373;
9;24602;13.805583957373;15.531281952045;
10;22359;15.531281952045;17.256979946717;
11;20497;17.256979946717;18.982677941388;
12;19307;18.982677941388;20.708375936060;
13;17977;20.708375936060;22.434073930732;
14;16511;22.434073930732;24.159771925403;
15;15604;24.159771925403;25.885469920075;
16;14616;25.885469920075;27.611167914747;
17;13631;27.611167914747;29.336865909418;
18;12770;29.336865909418;31.062563904090;
19;12141;31.062563904090;32.788261898762;
20;11389;32.788261898762;34.513959893433;
21;11031;34.513959893433;36.239657888105;
22;10279;36.239657888105;37.965355882777;
23;10011;37.965355882776;39.691053877448;
24;9541;39.691053877448;41.416751872120;
25;9269;41.416751872120;43.142449866791;
26;8845;43.142449866791;44.868147861463;
27;8861;44.868147861463;46.593845856135;
28;8405;46.593845856135;48.319543850806;
29;8105;48.319543850806;50.045241845478;
30;7881;50.045241845478;51.770939840150;
31;7756;51.770939840150;53.496637834821;
32;7674;53.496637834821;55.222335829493;
33;7651;55.222335829493;56.948033824165;
34;7602;56.948033824165;58.673731818836;
35;7441;58.673731818836;60.399429813508;
36;7507;60.399429813508;62.125127808180;
37;7219;62.125127808180;63.850825802851;
38;10538;63.850825802851;65.576523797523;
39;7689;65.576523797523;67.302221792195;
40;7076;67.302221792195;69.027919786866;
41;6652;69.027919786866;70.753617781538;
42;6475;70.753617781538;72.479315776210;
43;6384;72.479315776210;74.205013770881;
44;6221;74.205013770881;75.930711765553;
45;6187;75.930711765553;77.656409760225;
46;6438;77.656409760225;79.382107754896;
47;6270;79.382107754896;81.107805749568;
48;6451;81.107805749568;82.833503744240;
49;6351;82.833503744240;84.559201738911;
50;6360;84.559201738911;86.284899733583;
51;7071;86.284899733583;88.010597728255;
52;7300;88.010597728255;89.736295722926;
53;23528;89.736295722926;91.461993717598;
54;7255;91.461993717598;93.187691712270;
55;6787;93.187691712270;94.913389706941;
56;5560;94.913389706941;96.639087701613;
57;4833;96.639087701613;98.364785696285;
58;4229;98.364785696285;100.090483690956;
59;3774;100.090483690956;101.816181685628;
60;3649;101.816181685628;103.541879680300;
61;3441;103.541879680300;105.267577674971;
62;3077;105.267577674971;106.993275669643;
63;2869;106.993275669643;108.718973664315;
64;2719;108.718973664315;110.444671658986;
65;2398;110.444671658986;112.170369653658;
66;2273;112.170369653658;113.896067648330;
67;2100;113.896067648330;115.621765643001;
68;2034;115.621765643001;117.347463637673;
69;1755;117.347463637673;119.073161632344;
70;1861;119.073161632344;120.798859627016;
71;1750;120.798859627016;122.524557621688;
72;1736;122.524557621688;124.250255616359;
73;1696;124.250255616359;125.975953611031;
74;1747;125.975953611031;127.701651605703;
75;5377;127.701651605703;129.427349600374;
76;2372;129.427349600374;131.153047595046;
77;2056;131.153047595046;132.878745589718;
78;1641;132.878745589718;134.604443584389;
79;1534;134.604443584389;136.330141579061;
80;1286;136.330141579061;138.055839573733;
81;1176;138.055839573733;139.781537568404;
82;1220;139.781537568404;141.507235563076;
83;1145;141.507235563076;143.232933557748;
84;1107;143.232933557748;144.958631552419;
85;1085;144.958631552419;146.684329547091;
86;1061;146.684329547091;148.410027541763;
87;1003;148.410027541763;150.135725536434;
88;930;150.135725536434;151.861423531106;
89;963;151.861423531106;153.587121525778;
90;989;153.587121525778;155.312819520449;
91;2033;155.312819520449;157.038517515121;
92;987;157.038517515121;158.764215509793;
93;872;158.764215509793;160.489913504464;
94;762;160.489913504464;162.215611499136;
95;651;162.215611499136;163.941309493808;
96;607;163.941309493808;165.667007488479;
97;595;165.667007488479;167.392705483151;
98;621;167.392705483151;169.118403477823;
99;570;169.118403477823;170.844101472494;
100;553;170.844101472494;172.569799467166;
101;530;172.569799467166;174.295497461838;
102;565;174.295497461838;176.021195456509;
103;526;176.021195456509;177.746893451181;
104;539;177.746893451181;179.472591445853;
105;1305;179.472591445853;181.198289440524;
106;588;181.198289440524;182.923987435196;
107;499;182.923987435196;184.649685429868;
108;479;184.649685429868;186.375383424539;
109;463;186.375383424539;188.101081419211;
110;397;188.101081419211;189.826779413882;
111;348;189.826779413882;191.552477408554;
112;381;191.552477408554;193.278175403226;
113;325;193.278175403226;195.003873397897;
114;343;195.003873397897;196.729571392569;
115;354;196.729571392569;198.455269387241;
116;327;198.455269387241;200.180967381912;
117;316;200.180967381912;201.906665376584;
118;781;201.906665376584;203.632363371256;
119;339;203.632363371256;205.358061365927;
120;354;205.358061365927;207.083759360599;
121;285;207.083759360599;208.809457355271;
122;300;208.809457355271;210.535155349942;
123;255;210.535155349942;212.260853344614;
124;239;212.260853344614;213.986551339286;
125;221;213.986551339286;215.712249333957;
126;238;215.712249333957;217.437947328629;
127;216;217.437947328629;219.163645323301;
128;262;219.163645323301;220.889343317972;
129;414;220.889343317972;222.615041312644;
130;200;222.615041312644;224.340739307316;
131;206;224.340739307316;226.066437301987;
132;235;226.066437301987;227.792135296659;
133;197;227.792135296659;229.517833291331;
134;188;229.517833291331;231.243531286002;
135;185;231.243531286002;232.969229280674;
136;210;232.969229280674;234.694927275346;
137;178;234.694927275346;236.420625270017;
138;181;236.420625270017;238.146323264689;
139;419;238.146323264689;239.872021259361;
140;175;239.872021259361;241.597719254032;
141;147;241.597719254032;243.323417248704;
142;191;243.323417248704;245.049115243376;
143;189;245.049115243376;246.774813238047;
144;175;246.774813238047;248.500511232719;
145;126;248.500511232719;250.226209227391;
146;105;250.226209227391;251.951907222062;
147;124;251.951907222062;253.677605216734;
148;136;253.677605216734;255.403303211406;
149;266;255.403303211406;257.129001206077;
150;114;257.129001206077;258.854699200749;
151;144;258.854699200749;260.580397195421;
152;124;260.580397195421;262.306095190092;
153;112;262.306095190092;264.031793184764;
154;120;264.031793184764;265.757491179435;
155;132;265.757491179435;267.483189174107;
156;95;267.483189174107;269.208887168779;
157;110;269.208887168779;270.934585163450;
158;255;270.934585163450;272.660283158122;
159;92;272.660283158122;274.385981152794;
160;102;274.385981152794;276.111679147465;
161;65;276.111679147465;277.837377142137;
162;111;277.837377142137;279.563075136809;
163;87;279.563075136809;281.288773131480;
164;94;281.288773131480;283.014471126152;
165;99;283.014471126152;284.740169120824;
166;226;284.740169120824;286.465867115495;
167;81;286.465867115495;288.191565110167;
168;78;288.191565110167;289.917263104839;
169;83;289.917263104839;291.642961099510;
170;54;291.642961099510;293.368659094182;
171;61;293.368659094182;295.094357088854;
172;64;295.094357088854;296.820055083525;
173;66;296.820055083525;298.545753078197;
174;173;298.545753078197;300.271451072869;
175;57;300.271451072869;301.997149067540;
176;60;301.997149067540;303.722847062212;
177;63;303.722847062212;305.448545056884;
178;59;305.448545056884;307.174243051555;
179;47;307.174243051555;308.899941046227;
180;70;308.899941046227;310.625639040899;
181;67;310.625639040899;312.351337035570;
182;107;312.351337035570;314.077035030242;
183;51;314.077035030242;315.802733024914;
184;68;315.802733024914;317.528431019585;
185;67;317.528431019585;319.254129014257;
186;72;319.254129014257;320.979827008929;
187;69;320.979827008929;322.705525003600;
188;72;322.705525003600;324.431222998272;
189;74;324.431222998272;326.156920992944;
190;183;326.156920992944;327.882618987615;
191;52;327.882618987615;329.608316982287;
192;58;329.608316982287;331.334014976959;
193;61;331.334014976959;333.059712971630;
194;43;333.059712971630;334.785410966302;
195;35;334.785410966302;336.511108960974;
196;29;336.511108960974;338.236806955645;
197;35;338.236806955645;339.962504950317;
198;45;339.962504950317;341.688202944988;
199;63;341.688202944989;343.413900939660;
200;44;343.413900939660;345.139598934332;
201;38;345.139598934332;346.865296929003;
202;62;346.865296929003;348.590994923675;
203;54;348.590994923675;350.316692918347;
204;95;350.316692918347;352.042390913018;
205;67;352.042390913018;353.768088907690;
206;56;353.768088907690;355.493786902362;
207;55;355.493786902362;357.219484897033;
208;33;357.219484897033;358.945182891705;
209;28;358.945182891705;360.670880886377;
210;84;360.670880886377;362.396578881048;
211;44;362.396578881048;364.122276875720;
212;33;364.122276875720;365.847974870392;
213;45;365.847974870392;367.573672865063;
214;37;367.573672865063;369.299370859735;
215;34;369.299370859735;371.025068854407;
216;38;371.025068854407;372.750766849078;
217;95;372.750766849078;374.476464843750;
218;36;374.476464843750;376.202162838422;
219;26;376.202162838422;377.927860833093;
220;30;377.927860833093;379.653558827765;
221;30;379.653558827765;381.379256822437;
222;34;381.379256822437;383.104954817108;
223;106;383.104954817108;384.830652811780;
224;27;384.830652811780;386.556350806452;
225;26;386.556350806452;388.282048801123;
226;30;388.282048801123;390.007746795795;
227;40;390.007746795795;391.733444790467;
228;31;391.733444790467;393.459142785138;
229;60;393.459142785138;395.184840779810;
230;32;395.184840779810;396.910538774482;
231;31;396.910538774482;398.636236769153;
232;43;398.636236769153;400.361934763825;
233;32;400.361934763825;402.087632758497;
234;34;402.087632758497;403.813330753168;
235;52;403.813330753168;405.539028747840;
236;37;405.539028747840;407.264726742512;
237;33;407.264726742512;408.990424737183;
238;31;408.990424737183;410.716122731855;
239;29;410.716122731855;412.441820726526;
240;31;412.441820726527;414.167518721198;
241;37;414.167518721198;415.893216715870;
242;25;415.893216715870;417.618914710541;
243;19;417.618914710542;419.344612705213;
244;26;419.344612705213;421.070310699885;
245;22;421.070310699885;422.796008694556;
246;16;422.796008694556;424.521706689228;
247;31;424.521706689228;426.247404683900;
248;17;426.247404683900;427.973102678571;
249;14;427.973102678571;429.698800673243;
250;17;429.698800673243;431.424498667915;
251;24;431.424498667915;433.150196662586;
252;25;433.150196662586;434.875894657258;
253;22;434.875894657258;436.601592651930;
254;27;436.601592651930;438.327290646601;
255;28;438.327290646601;440.052988641273;
256;22;440.052988641273;441.778686635945;
257;40;441.778686635945;443.504384630616;
258;31;443.504384630616;445.230082625288;
259;22;445.230082625288;446.955780619960;
260;36;446.955780619960;448.681478614631;
261;24;448.681478614631;450.407176609303;
262;37;450.407176609303;452.132874603975;
263;65;452.132874603975;453.858572598646;
264;25;453.858572598646;455.584270593318;
265;23;455.584270593318;457.309968587990;
266;21;457.309968587990;459.035666582661;
267;22;459.035666582661;460.761364577333;
268;45;460.761364577333;462.487062572005;
269;17;462.487062572005;464.212760566676;
270;15;464.212760566676;465.938458561348;
271;20;465.938458561348;467.664156556020;
272;21;467.664156556020;469.389854550691;
273;32;469.389854550691;471.115552545363;
274;24;471.115552545363;472.841250540035;
275;22;472.841250540035;474.566948534706;
276;26;474.566948534706;476.292646529378;
277;27;476.292646529378;478.018344524050;
278;33;478.018344524050;479.744042518721;
279;16;479.744042518721;481.469740513393;
280;22;481.469740513393;483.195438508065;
281;14;483.195438508065;484.921136502736;
282;6;484.921136502736;486.646834497408;
283;13;486.646834497408;488.372532492079;
284;17;488.372532492080;490.098230486751;
285;16;490.098230486751;491.823928481423;
286;15;491.823928481423;493.549626476094;
287;23;493.549626476094;495.275324470766;
288;15;495.275324470766;497.001022465438;
289;9;497.001022465438;498.726720460109;
290;9;498.726720460109;500.452418454781;
291;15;500.452418454781;502.178116449453;
292;11;502.178116449453;503.903814444124;
293;30;503.903814444124;505.629512438796;
294;5;505.629512438796;507.355210433468;
295;24;507.355210433468;509.080908428139;
296;13;509.080908428139;510.806606422811;
297;15;510.806606422811;512.532304417483;
298;14;512.532304417483;514.258002412154;
299;11;514.258002412154;515.983700406826;
300;14;515.983700406826;517.709398401498;
301;10;517.709398401498;519.435096396169;
302;30;519.435096396169;521.160794390841;
303;14;521.160794390841;522.886492385513;
304;9;522.886492385513;524.612190380184;
305;10;524.612190380184;526.337888374856;
306;30;526.337888374856;528.063586369528;
307;11;528.063586369528;529.789284364199;
308;19;529.789284364199;531.514982358871;
309;17;531.514982358871;533.240680353543;
310;11;533.240680353543;534.966378348214;
311;12;534.966378348214;536.692076342886;
312;15;536.692076342886;538.417774337558;
313;14;538.417774337558;540.143472332229;
314;8;540.143472332229;541.869170326901;
315;19;541.869170326901;543.594868321573;
316;13;543.594868321573;545.320566316244;
317;13;545.320566316244;547.046264310916;
318;12;547.046264310916;548.771962305588;
319;13;548.771962305588;550.497660300259;
320;30;550.497660300259;552.223358294931;
321;13;552.223358294931;553.949056289603;
322;16;553.949056289603;555.674754284274;
323;12;555.674754284274;557.400452278946;
324;19;557.400452278946;559.126150273618;
325;18;559.126150273618;560.851848268289;
326;20;560.851848268289;562.577546262961;
327;12;562.577546262961;564.303244257633;
328;27;564.303244257633;566.028942252304;
329;17;566.028942252304;567.754640246976;
330;17;567.754640246976;569.480338241647;
331;17;569.480338241647;571.206036236319;
332;32;571.206036236319;572.931734230991;
333;14;572.931734230991;574.657432225663;
334;30;574.657432225662;576.383130220334;
335;24;576.383130220334;578.108828215006;
336;16;578.108828215006;579.834526209678;
337;16;579.834526209678;581.560224204349;
338;17;581.560224204349;583.285922199021;
339;19;583.285922199021;585.011620193692;
340;21;585.011620193692;586.737318188364;
341;18;586.737318188364;588.463016183036;
342;14;588.463016183036;590.188714177707;
343;18;590.188714177707;591.914412172379;
344;22;591.914412172379;593.640110167051;
345;9;593.640110167051;595.365808161722;
346;13;595.365808161722;597.091506156394;
347;9;597.091506156394;598.817204151066;
348;26;598.817204151066;600.542902145737;
349;16;600.542902145737;602.268600140409;
350;13;602.268600140409;603.994298135081;
351;20;603.994298135081;605.719996129752;
352;19;605.719996129752;607.445694124424;
353;5;607.445694124424;609.171392119096;
354;12;609.171392119096;610.897090113767;
355;2;610.897090113767;612.622788108439;
356;6;612.622788108439;614.348486103111;
357;7;614.348486103111;616.074184097782;
358;10;616.074184097782;617.799882092454;
359;8;617.799882092454;619.525580087126;
360;11;619.525580087126;621.251278081797;
361;7;621.251278081797;622.976976076469;
362;5;622.976976076469;624.702674071141;
363;6;624.702674071141;626.428372065812;
364;4;626.428372065812;628.154070060484;
365;5;628.154070060484;629.879768055156;
366;10;629.879768055156;631.605466049827;
367;7;631.605466049827;633.331164044499;
368;15;633.331164044499;635.056862039171;
369;5;635.056862039170;636.782560033842;
370;4;636.782560033842;638.508258028514;
371;13;638.508258028514;640.233956023186;
372;8;640.233956023186;641.959654017857;
373;7;641.959654017857;643.685352012529;
374;6;643.685352012529;645.411050007201;
375;8;645.411050007201;647.136748001872;
376;1;647.136748001872;648.862445996544;
377;2;648.862445996544;650.588143991215;
378;5;650.588143991215;652.313841985887;
379;19;652.313841985887;654.039539980559;
380;10;654.039539980559;655.765237975230;
381;8;655.765237975230;657.490935969902;
382;19;657.490935969902;659.216633964574;
383;5;659.216633964574;660.942331959246;
384;4;660.942331959245;662.668029953917;
385;4;662.668029953917;664.393727948589;
386;14;664.393727948589;666.119425943260;
387;3;666.119425943260;667.845123937932;
388;4;667.845123937932;669.570821932604;
389;17;669.570821932604;671.296519927275;
390;6;671.296519927275;673.022217921947;
391;0;673.022217921947;674.747915916619;
392;4;674.747915916619;676.473613911290;
393;6;676.473613911290;678.199311905962;
394;4;678.199311905962;679.925009900634;
395;3;679.925009900634;681.650707895305;
396;7;681.650707895305;683.376405889977;
397;1;683.376405889977;685.102103884649;
398;5;685.102103884649;686.827801879320;
399;1;686.827801879320;688.553499873992;
400;14;688.553499873992;690.279197868664;
401;1;690.279197868664;692.004895863335;
402;3;692.004895863335;693.730593858007;
403;6;693.730593858007;695.456291852679;
404;1;695.456291852679;697.181989847350;
405;1;697.181989847350;698.907687842022;
406;3;698.907687842022;700.633385836694;
407;5;700.633385836694;702.359083831365;
408;1;702.359083831365;704.084781826037;
409;1;704.084781826037;705.810479820709;
410;6;705.810479820709;707.536177815380;
411;0;707.536177815380;709.261875810052;
412;1;709.261875810052;710.987573804724;
413;0;710.987573804724;712.713271799395;
414;4;712.713271799395;714.438969794067;
415;2;714.438969794067;716.164667788739;
416;1;716.164667788738;717.890365783410;
417;15;717.890365783410;719.616063778082;
418;1;719.616063778082;721.341761772754;
419;0;721.341761772753;723.067459767425;
420;6;723.067459767425;724.793157762097;
421;2;724.793157762097;726.518855756769;
422;2;726.518855756769;728.244553751440;
423;9;728.244553751440;729.970251746112;
424;0;729.970251746112;731.695949740783;
425;1;731.695949740783;733.421647735455;
426;0;733.421647735455;735.147345730127;
427;3;735.147345730127;736.873043724798;
428;0;736.873043724798;738.598741719470;
429;0;738.598741719470;740.324439714142;
430;13;740.324439714142;742.050137708813;
431;0;742.050137708813;743.775835703485;
432;2;743.775835703485;745.501533698157;
433;10;745.501533698157;747.227231692828;
434;2;747.227231692828;748.952929687500;
435;1;748.952929687500;750.678627682172;
436;2;750.678627682172;752.404325676843;
437;0;752.404325676843;754.130023671515;
438;0;754.130023671515;755.855721666187;
439;3;755.855721666187;757.581419660858;
440;0;757.581419660858;759.307117655530;
441;1;759.307117655530;761.032815650202;
442;2;761.032815650202;762.758513644873;
443;0;762.758513644873;764.484211639545;
444;3;764.484211639545;766.209909634217;
445;0;766.209909634217;767.935607628888;
446;1;767.935607628888;769.661305623560;
447;0;769.661305623560;771.387003618232;
448;1;771.387003618232;773.112701612903;
449;11;773.112701612903;774.838399607575;
450;1;774.838399607575;776.564097602247;
451;0;776.564097602247;778.289795596918;
452;5;778.289795596918;780.015493591590;
453;0;780.015493591590;781.741191586262;
454;0;781.741191586262;783.466889580933;
455;4;783.466889580933;785.192587575605;
456;0;785.192587575605;786.918285570277;
457;0;786.918285570277;788.643983564948;
458;5;788.643983564948;790.369681559620;
459;0;790.369681559620;792.095379554292;
460;1;792.095379554292;793.821077548963;
461;2;793.821077548963;795.546775543635;
462;0;795.546775543635;797.272473538306;
463;0;797.272473538306;798.998171532978;
464;0;798.998171532978;800.723869527650;
465;0;800.723869527650;802.449567522322;
466;0;802.449567522321;804.175265516993;
467;2;804.175265516993;805.900963511665;
468;0;805.900963511665;807.626661506337;
469;0;807.626661506336;809.352359501008;
470;0;809.352359501008;811.078057495680;
471;0;811.078057495680;812.803755490351;
472;0;812.803755490351;814.529453485023;
473;0;814.529453485023;816.255151479695;
474;0;816.255151479695;817.980849474366;
475;7;817.980849474366;819.706547469038;
476;0;819.706547469038;821.432245463710;
477;0;821.432245463710;823.157943458381;
478;4;823.157943458381;824.883641453053;
479;0;824.883641453053;826.609339447725;
480;2;826.609339447725;828.335037442396;
481;2;828.335037442396;830.060735437068;
482;0;830.060735437068;831.786433431740;
483;0;831.786433431740;833.512131426411;
484;3;833.512131426411;835.237829421083;
485;1;835.237829421083;836.963527415755;
486;0;836.963527415755;838.689225410426;
487;1;838.689225410426;840.414923405098;
488;0;840.414923405098;842.140621399770;
489;1;842.140621399770;843.866319394441;
490;0;843.866319394441;845.592017389113;
491;0;845.592017389113;847.317715383785;
492;2;847.317715383785;849.043413378456;
493;0;849.043413378456;850.769111373128;
494;1;850.769111373128;852.494809367800;
495;2;852.494809367800;854.220507362471;
496;0;854.220507362471;855.946205357143;
497;0;855.946205357143;857.671903351815;
498;3;857.671903351815;859.397601346486;
499;1;859.397601346486;861.123299341158;
500;0;861.123299341158;862.848997335830;
501;0;862.848997335829;864.574695330501;
502;0;864.574695330501;866.300393325173;
503;0;866.300393325173;868.026091319845;
504;0;868.026091319845;869.751789314516;
505;3;869.751789314516;871.477487309188;
506;0;871.477487309188;873.203185303860;
507;0;873.203185303860;874.928883298531;
508;0;874.928883298531;876.654581293203;
509;0;876.654581293203;878.380279287874;
510;0;878.380279287874;880.105977282546;
511;1;880.105977282546;881.831675277218;
512;1;881.831675277218;883.557373271889;
513;0;883.557373271889;885.283071266561;
514;0;885.283071266561;887.008769261233;
515;0;887.008769261233;888.734467255904;
516;0;888.734467255904;890.460165250576;
517;1;890.460165250576;892.185863245248;
518;1;892.185863245248;893.911561239919;
519;0;893.911561239919;895.637259234591;
520;1;895.637259234591;897.362957229263;
521;0;897.362957229263;899.088655223934;
522;0;899.088655223934;900.814353218606;
523;2;900.814353218606;902.540051213278;
524;0;902.540051213278;904.265749207949;
525;3;904.265749207949;905.991447202621;
526;1;905.991447202621;907.717145197293;
527;0;907.717145197293;909.442843191964;
528;0;909.442843191964;911.168541186636;
529;0;911.168541186636;912.894239181308;
530;1;912.894239181308;914.619937175979;
531;0;914.619937175979;916.345635170651;
532;0;916.345635170651;918.071333165323;
533;2;918.071333165323;919.797031159994;
534;0;919.797031159994;921.522729154666;
535;2;921.522729154666;923.248427149338;
536;1;923.248427149338;924.974125144009;
537;0;924.974125144009;926.699823138681;
538;0;926.699823138681;928.425521133353;
539;0;928.425521133353;930.151219128024;
540;1;930.151219128024;931.876917122696;
541;1;931.876917122696;933.602615117368;
542;0;933.602615117368;935.328313112039;
543;0;935.328313112039;937.054011106711;
544;0;937.054011106711;938.779709101383;
545;0;938.779709101383;940.505407096054;
546;1;940.505407096054;942.231105090726;
547;0;942.231105090726;943.956803085397;
548;1;943.956803085397;945.682501080069;
549;0;945.682501080069;947.408199074741;
550;0;947.408199074741;949.133897069413;
551;0;949.133897069412;950.859595064084;
552;0;950.859595064084;952.585293058756;
553;3;952.585293058756;954.310991053428;
554;0;954.310991053427;956.036689048099;
555;0;956.036689048099;957.762387042771;
556;0;957.762387042771;959.488085037442;
557;0;959.488085037442;961.213783032114;
558;0;961.213783032114;962.939481026786;
559;0;962.939481026786;964.665179021457;
560;0;964.665179021457;966.390877016129;
561;1;966.390877016129;968.116575010801;
562;0;968.116575010801;969.842273005472;
563;0;969.842273005472;971.567971000144;
564;0;971.567971000144;973.293668994816;
565;0;973.293668994816;975.019366989487;
566;0;975.019366989487;976.745064984159;
567;0;976.745064984159;978.470762978831;
568;2;978.470762978831;980.196460973502;
569;0;980.196460973502;981.922158968174;
570;0;981.922158968174;983.647856962846;
571;0;983.647856962846;985.373554957517;
572;0;985.373554957517;987.099252952189;
573;2;987.099252952189;988.824950946861;
574;0;988.824950946861;990.550648941532;
575;0;990.550648941532;992.276346936204;
576;0;992.276346936204;994.002044930876;
577;0;994.002044930876;995.727742925547;
578;2;995.727742925547;997.453440920219;
579;0;997.453440920219;999.179138914891;
580;0;999.179138914891;1000.904836909562;
581;0;1000.904836909562;1002.630534904234;
582;1;1002.630534904234;1004.356232898906;
583;0;1004.356232898906;1006.081930893577;
584;0;1006.081930893577;1007.807628888249;
585;0;1007.807628888249;1009.533326882921;
586;0;1009.533326882921;1011.259024877592;
587;1;1011.259024877592;1012.984722872264;
588;0;1012.984722872264;1014.710420866936;
589;0;1014.710420866936;1016.436118861607;
590;0;1016.436118861607;1018.161816856279;
591;0;1018.161816856279;1019.887514850951;
592;0;1019.887514850951;1021.613212845622;
593;0;1021.613212845622;1023.338910840294;
594;1;1023.338910840294;1025.064608834965;
595;0;1025.064608834965;1026.790306829637;
596;0;1026.790306829637;1028.516004824309;
597;0;1028.516004824309;1030.241702818980;
598;0;1030.241702818980;1031.967400813652;
599;2;1031.967400813652;1033.693098808324;
600;0;1033.693098808324;1035.418796802996;
601;0;1035.418796802996;1037.144494797667;
602;0;1037.144494797667;1038.870192792339;
603;1;1038.870192792339;1040.595890787010;
604;0;1040.595890787010;1042.321588781682;
605;0;1042.321588781682;1044.047286776354;
606;0;1044.047286776354;1045.772984771025;
607;0;1045.772984771025;1047.498682765697;
608;0;1047.498682765697;1049.224380760369;
609;0;1049.224380760369;1050.950078755040;
610;0;1050.950078755040;1052.675776749712;
611;0;1052.675776749712;1054.401474744384;
612;0;1054.401474744384;1056.127172739055;
613;0;1056.127172739055;1057.852870733727;
614;0;1057.852870733727;1059.578568728399;
615;0;1059.578568728399;1061.304266723070;
616;0;1061.304266723070;1063.029964717742;
617;0;1063.029964717742;1064.755662712414;
618;0;1064.755662712414;1066.481360707085;
619;0;1066.481360707085;1068.207058701757;
620;0;1068.207058701757;1069.932756696429;
621;0;1069.932756696429;1071.658454691100;
622;0;1071.658454691100;1073.384152685772;
623;0;1073.384152685772;1075.109850680444;
624;0;1075.109850680444;1076.835548675115;
625;0;1076.835548675115;1078.561246669787;
626;0;1078.561246669787;1080.286944664459;
627;0;1080.286944664459;1082.012642659130;
628;0;1082.012642659130;1083.738340653802;
629;0;1083.738340653802;1085.464038648474;
630;0;1085.464038648474;1087.189736643145;
631;0;1087.189736643145;1088.915434637817;
632;0;1088.915434637817;1090.641132632489;
633;0;1090.641132632489;1092.366830627160;
634;0;1092.366830627160;1094.092528621832;
635;0;1094.092528621832;1095.818226616504;
636;0;1095.818226616504;1097.543924611175;
637;0;1097.543924611175;1099.269622605847;
638;0;1099.269622605847;1100.995320600518;
639;0;1100.995320600518;1102.721018595190;
640;0;1102.721018595190;1104.446716589862;
641;0;1104.446716589862;1106.172414584533;
642;0;1106.172414584533;1107.898112579205;
643;0;1107.898112579205;1109.623810573877;
644;0;1109.623810573877;1111.349508568549;
645;0;1111.349508568548;1113.075206563220;
646;0;1113.075206563220;1114.800904557892;
647;0;1114.800904557892;1116.526602552563;
648;0;1116.526602552563;1118.252300547235;
649;0;1118.252300547235;1119.977998541907;
650;0;1119.977998541907;1121.703696536578;
651;0;1121.703696536578;1123.429394531250;
652;0;1123.429394531250;1125.155092525922;
653;0;1125.155092525922;1126.880790520593;
654;0;1126.880790520593;1128.606488515265;
655;0;1128.606488515265;1130.332186509937;
656;0;1130.332186509937;1132.057884504608;
657;0;1132.057884504608;1133.783582499280;
658;0;1133.783582499280;1135.509280493952;
659;0;1135.509280493952;1137.234978488623;
660;0;1137.234978488623;1138.960676483295;
661;0;1138.960676483295;1140.686374477967;
662;0;1140.686374477967;1142.412072472638;
663;0;1142.412072472638;1144.137770467310;
664;0;1144.137770467310;1145.863468461982;
665;0;1145.863468461982;1147.589166456653;
666;0;1147.589166456653;1149.314864451325;
667;0;1149.314864451325;1151.040562445997;
668;0;1151.040562445997;1152.766260440668;
669;0;1152.766260440668;1154.491958435340;
670;0;1154.491958435340;1156.217656430012;
671;0;1156.217656430012;1157.943354424683;
672;0;1157.943354424683;1159.669052419355;
673;0;1159.669052419355;1161.394750414027;
674;0;1161.394750414026;1163.120448408698;
675;0;1163.120448408698;1164.846146403370;
676;0;1164.846146403370;1166.571844398042;
677;0;1166.571844398042;1168.297542392713;
678;0;1168.297542392713;1170.023240387385;
679;0;1170.023240387385;1171.748938382057;
680;0;1171.748938382057;1173.474636376728;
681;0;1173.474636376728;1175.200334371400;
682;0;1175.200334371400;1176.926032366071;
683;0;1176.926032366071;1178.651730360743;
684;0;1178.651730360743;1180.377428355415;
685;0;1180.377428355415;1182.103126350087;
686;0;1182.103126350087;1183.828824344758;
687;0;1183.828824344758;1185.554522339430;
688;0;1185.554522339430;1187.280220334101;
689;0;1187.280220334101;1189.005918328773;
690;0;1189.005918328773;1190.731616323445;
691;0;1190.731616323445;1192.457314318116;
692;0;1192.457314318116;1194.183012312788;
693;0;1194.183012312788;1195.908710307460;
694;0;1195.908710307460;1197.634408302132;
695;0;1197.634408302131;1199.360106296803;
696;0;1199.360106296803;1201.085804291475;
697;0;1201.085804291475;1202.811502286146;
698;0;1202.811502286146;1204.537200280818;
699;0;1204.537200280818;1206.262898275490;
700;0;1206.262898275490;1207.988596270161;
701;0;1207.988596270161;1209.714294264833;
702;0;1209.714294264833;1211.439992259505;
703;0;1211.439992259505;1213.165690254176;
704;0;1213.165690254176;1214.891388248848;
705;0;1214.891388248848;1216.617086243520;
706;0;1216.617086243520;1218.342784238191;
707;0;1218.342784238191;1220.068482232863;
708;0;1220.068482232863;1221.794180227535;
709;0;1221.794180227535;1223.519878222206;
710;0;1223.519878222206;1225.245576216878;
711;0;1225.245576216878;1226.971274211550;
712;0;1226.971274211550;1228.696972206221;
713;0;1228.696972206221;1230.422670200893;
714;0;1230.422670200893;1232.148368195565;
715;0;1232.148368195565;1233.874066190236;
716;0;1233.874066190236;1235.599764184908;
717;0;1235.599764184908;1237.325462179580;
718;0;1237.325462179580;1239.051160174251;
719;0;1239.051160174251;1240.776858168923;
720;0;1240.776858168923;1242.502556163595;
721;0;1242.502556163595;1244.228254158266;
722;0;1244.228254158266;1245.953952152938;
723;0;1245.953952152938;1247.679650147609;
724;0;1247.679650147609;1249.405348142281;
725;0;1249.405348142281;1251.131046136953;
726;0;1251.131046136953;1252.856744131625;
727;0;1252.856744131625;1254.582442126296;
728;0;1254.582442126296;1256.308140120968;
729;0;1256.308140120968;1258.033838115640;
730;0;1258.033838115639;1259.759536110311;
731;0;1259.759536110311;1261.485234104983;
732;0;1261.485234104983;1263.210932099654;
733;0;1263.210932099654;1264.936630094326;
734;0;1264.936630094326;1266.662328088998;
735;0;1266.662328088998;1268.388026083670;
736;0;1268.388026083670;1270.113724078341;
737;0;1270.113724078341;1271.839422073013;
738;0;1271.839422073013;1273.565120067684;
739;0;1273.565120067684;1275.290818062356;
740;0;1275.290818062356;1277.016516057028;
741;0;1277.016516057028;1278.742214051699;
742;0;1278.742214051699;1280.467912046371;
743;0;1280.467912046371;1282.193610041043;
744;0;1282.193610041043;1283.919308035714;
745;0;1283.919308035714;1285.645006030386;
746;0;1285.645006030386;1287.370704025058;
747;0;1287.370704025058;1289.096402019729;
748;0;1289.096402019729;1290.822100014401;
749;0;1290.822100014401;1292.547798009073;
750;0;1292.547798009073;1294.273496003744;
751;0;1294.273496003744;1295.999193998416;
752;0;1295.999193998416;1297.724891993088;
753;0;1297.724891993088;1299.450589987759;
754;0;1299.450589987759;1301.176287982431;
755;0;1301.176287982431;1302.901985977103;
756;0;1302.901985977103;1304.627683971774;
757;0;1304.627683971774;1306.353381966446;
758;0;1306.353381966446;1308.079079961118;
759;0;1308.079079961117;1309.804777955789;
760;0;1309.804777955789;1311.530475950461;
761;0;1311.530475950461;1313.256173945133;
762;0;1313.256173945133;1314.981871939804;
763;0;1314.981871939804;1316.707569934476;
764;0;1316.707569934476;1318.433267929148;
765;0;1318.433267929148;1320.158965923819;
766;1;1320.158965923819;1321.884663918491;
767;0;1321.884663918491;1323.610361913162;
768;0;1323.610361913162;1325.336059907834;
769;0;1325.336059907834;1327.061757902506;
770;0;1327.061757902506;1328.787455897178;
771;0;1328.787455897178;1330.513153891849;
772;1;1330.513153891849;1332.238851886521;
773;0;1332.238851886521;1333.964549881192;
774;0;1333.964549881192;1335.690247875864;
775;0;1335.690247875864;1337.415945870536;
776;0;1337.415945870536;1339.141643865207;
777;0;1339.141643865207;1340.867341859879;
778;0;1340.867341859879;1342.593039854551;
779;0;1342.593039854551;1344.318737849223;
780;0;1344.318737849222;1346.044435843894;
781;0;1346.044435843894;1347.770133838566;
782;0;1347.770133838566;1349.495831833237;
783;0;1349.495831833237;1351.221529827909;
784;0;1351.221529827909;1352.947227822581;
785;0;1352.947227822581;1354.672925817252;
786;0;1354.672925817252;1356.398623811924;
787;0;1356.398623811924;1358.124321806596;
788;0;1358.124321806596;1359.850019801267;
789;0;1359.850019801267;1361.575717795939;
790;0;1361.575717795939;1363.301415790611;
791;1;1363.301415790611;1365.027113785282;
792;0;1365.027113785282;1366.752811779954;
793;0;1366.752811779954;1368.478509774626;
794;0;1368.478509774626;1370.204207769297;
795;0;1370.204207769297;1371.929905763969;
796;1;1371.929905763969;1373.655603758641;
797;0;1373.655603758641;1375.381301753312;
798;0;1375.381301753312;1377.106999747984;
799;0;1377.106999747984;1378.832697742656;
800;0;1378.832697742656;1380.558395737327;
801;0;1380.558395737327;1382.284093731999;
802;0;1382.284093731999;1384.009791726671;
803;0;1384.009791726671;1385.735489721342;
804;0;1385.735489721342;1387.461187716014;
805;0;1387.461187716014;1389.186885710686;
806;0;1389.186885710686;1390.912583705357;
807;0;1390.912583705357;1392.638281700029;
808;0;1392.638281700029;1394.363979694701;
809;0;1394.363979694700;1396.089677689372;
810;0;1396.089677689372;1397.815375684044;
811;0;1397.815375684044;1399.541073678716;
812;0;1399.541073678716;1401.266771673387;
813;0;1401.266771673387;1402.992469668059;
814;0;1402.992469668059;1404.718167662731;
815;0;1404.718167662731;1406.443865657402;
816;0;1406.443865657402;1408.169563652074;
817;0;1408.169563652074;1409.895261646745;
818;1;1409.895261646745;1411.620959641417;
819;0;1411.620959641417;1413.346657636089;
820;0;1413.346657636089;1415.072355630761;
821;0;1415.072355630761;1416.798053625432;
822;1;1416.798053625432;1418.523751620104;
823;0;1418.523751620104;1420.249449614775;
824;0;1420.249449614775;1421.975147609447;
825;0;1421.975147609447;1423.700845604119;
826;0;1423.700845604119;1425.426543598790;
827;2;1425.426543598790;1427.152241593462;
828;0;1427.152241593462;1428.877939588134;
829;0;1428.877939588134;1430.603637582806;
830;1;1430.603637582805;1432.329335577477;
831;0;1432.329335577477;1434.055033572149;
832;0;1434.055033572149;1435.780731566820;
833;0;1435.780731566820;1437.506429561492;
834;0;1437.506429561492;1439.232127556164;
835;0;1439.232127556164;1440.957825550835;
836;0;1440.957825550835;1442.683523545507;
837;0;1442.683523545507;1444.409221540179;
838;1;1444.409221540179;1446.134919534850;
839;0;1446.134919534850;1447.860617529522;
840;0;1447.860617529522;1449.586315524194;
841;1;1449.586315524194;1451.312013518865;
842;1;1451.312013518865;1453.037711513537;
843;0;1453.037711513537;1454.763409508209;
844;0;1454.763409508208;1456.489107502880;
845;0;1456.489107502880;1458.214805497552;
846;0;1458.214805497552;1459.940503492224;
847;0;1459.940503492224;1461.666201486895;
848;0;1461.666201486895;1463.391899481567;
849;0;1463.391899481567;1465.117597476239;
850;1;1465.117597476239;1466.843295470910;
851;0;1466.843295470910;1468.568993465582;
852;0;1468.568993465582;1470.294691460253;
853;0;1470.294691460253;1472.020389454925;
854;0;1472.020389454925;1473.746087449597;
855;0;1473.746087449597;1475.471785444269;
856;0;1475.471785444269;1477.197483438940;
857;0;1477.197483438940;1478.923181433612;
858;1;1478.923181433612;1480.648879428283;
859;0;1480.648879428283;1482.374577422955;
860;0;1482.374577422955;1484.100275417627;
861;0;1484.100275417627;1485.825973412298;
862;0;1485.825973412298;1487.551671406970;
863;1;1487.551671406970;1489.277369401642;
864;0;1489.277369401642;1491.003067396314;
865;0;1491.003067396313;1492.728765390985;
866;0;1492.728765390985;1494.454463385657;
867;0;1494.454463385657;1496.180161380328;
868;0;1496.180161380328;1497.905859375000;
869;0;1497.905859375000;1499.631557369672;
870;0;1499.631557369672;1501.357255364343;
871;1;1501.357255364343;1503.082953359015;
872;0;1503.082953359015;1504.808651353687;
873;1;1504.808651353687;1506.534349348358;
874;1;1506.534349348358;1508.260047343030;
875;0;1508.260047343030;1509.985745337702;
876;0;1509.985745337702;1511.711443332373;
877;1;1511.711443332373;1513.437141327045;
878;1;1513.437141327045;1515.162839321717;
879;0;1515.162839321717;1516.888537316388;
880;0;1516.888537316388;1518.614235311060;
881;0;1518.614235311060;1520.339933305732;
882;0;1520.339933305732;1522.065631300403;
883;1;1522.065631300403;1523.791329295075;
884;0;1523.791329295075;1525.517027289747;
885;0;1525.517027289747;1527.242725284418;
886;0;1527.242725284418;1528.968423279090;
887;0;1528.968423279090;1530.694121273762;
888;0;1530.694121273762;1532.419819268433;
889;0;1532.419819268433;1534.145517263105;
890;0;1534.145517263105;1535.871215257777;
891;0;1535.871215257777;1537.596913252448;
892;0;1537.596913252448;1539.322611247120;
893;0;1539.322611247120;1541.048309241792;
894;0;1541.048309241791;1542.774007236463;
895;2;1542.774007236463;1544.499705231135;
896;0;1544.499705231135;1546.225403225807;
897;0;1546.225403225807;1547.951101220478;
898;1;1547.951101220478;1549.676799215150;
899;0;1549.676799215150;1551.402497209822;
900;0;1551.402497209822;1553.128195204493;
901;0;1553.128195204493;1554.853893199165;
902;0;1554.853893199165;1556.579591193836;
903;0;1556.579591193836;1558.305289188508;
904;0;1558.305289188508;1560.030987183180;
905;2;1560.030987183180;1561.756685177852;
906;0;1561.756685177852;1563.482383172523;
907;0;1563.482383172523;1565.208081167195;
908;0;1565.208081167195;1566.933779161866;
909;0;1566.933779161866;1568.659477156538;
910;0;1568.659477156538;1570.385175151210;
911;0;1570.385175151210;1572.110873145881;
912;1;1572.110873145881;1573.836571140553;
913;0;1573.836571140553;1575.562269135225;
914;0;1575.562269135225;1577.287967129897;
915;0;1577.287967129896;1579.013665124568;
916;0;1579.013665124568;1580.739363119240;
917;0;1580.739363119240;1582.465061113911;
918;0;1582.465061113911;1584.190759108583;
919;0;1584.190759108583;1585.916457103255;
920;0;1585.916457103255;1587.642155097926;
921;0;1587.642155097926;1589.367853092598;
922;0;1589.367853092598;1591.093551087270;
923;1;1591.093551087270;1592.819249081941;
924;0;1592.819249081941;1594.544947076613;
925;0;1594.544947076613;1596.270645071285;
926;0;1596.270645071285;1597.996343065956;
927;0;1597.996343065956;1599.722041060628;
928;1;1599.722041060628;1601.447739055300;
929;0;1601.447739055300;1603.173437049971;
930;0;1603.173437049971;1604.899135044643;
931;1;1604.899135044643;1606.624833039315;
932;2;1606.624833039315;1608.350531033986;
933;0;1608.350531033986;1610.076229028658;
934;0;1610.076229028658;1611.801927023330;
935;0;1611.801927023330;1613.527625018001;
936;0;1613.527625018001;1615.253323012673;
937;0;1615.253323012673;1616.979021007344;
938;0;1616.979021007344;1618.704719002016;
939;0;1618.704719002016;1620.430416996688;
940;0;1620.430416996688;1622.156114991360;
941;0;1622.156114991360;1623.881812986031;
942;0;1623.881812986031;1625.607510980703;
943;0;1625.607510980703;1627.333208975375;
944;0;1627.333208975374;1629.058906970046;
945;0;1629.058906970046;1630.784604964718;
946;0;1630.784604964718;1632.510302959389;
947;0;1632.510302959389;1634.236000954061;
948;0;1634.236000954061;1635.961698948733;
949;0;1635.961698948733;1637.687396943405;
950;0;1637.687396943405;1639.413094938076;
951;0;1639.413094938076;1641.138792932748;
952;1;1641.138792932748;1642.864490927419;
953;0;1642.864490927419;1644.590188922091;
954;0;1644.590188922091;1646.315886916763;
955;2;1646.315886916763;1648.041584911434;
956;0;1648.041584911434;1649.767282906106;
957;0;1649.767282906106;1651.492980900778;
958;1;1651.492980900778;1653.218678895449;
959;0;1653.218678895449;1654.944376890121;
960;0;1654.944376890121;1656.670074884793;
961;0;1656.670074884793;1658.395772879464;
962;0;1658.395772879464;1660.121470874136;
963;0;1660.121470874136;1661.847168868808;
964;1;1661.847168868808;1663.572866863479;
965;0;1663.572866863479;1665.298564858151;
966;0;1665.298564858151;1667.024262852823;
967;0;1667.024262852823;1668.749960847494;
968;0;1668.749960847494;1670.475658842166;
969;0;1670.475658842166;1672.201356836838;
970;0;1672.201356836838;1673.927054831509;
971;0;1673.927054831509;1675.652752826181;
972;0;1675.652752826181;1677.378450820853;
973;0;1677.378450820853;1679.104148815524;
974;0;1679.104148815524;1680.829846810196;
975;0;1680.829846810196;1682.555544804868;
976;0;1682.555544804868;1684.281242799539;
977;0;1684.281242799539;1686.006940794211;
978;1;1686.006940794211;1687.732638788883;
979;0;1687.732638788882;1689.458336783554;
980;0;1689.458336783554;1691.184034778226;
981;0;1691.184034778226;1692.909732772898;
982;0;1692.909732772898;1694.635430767569;
983;0;1694.635430767569;1696.361128762241;
984;0;1696.361128762241;1698.086826756913;
985;0;1698.086826756913;1699.812524751584;
986;1;1699.812524751584;1701.538222746256;
987;0;1701.538222746256;1703.263920740927;
988;0;1703.263920740927;1704.989618735599;
989;1;1704.989618735599;1706.715316730271;
990;0;1706.715316730271;1708.441014724943;
991;2;1708.441014724943;1710.166712719614;
992;0;1710.166712719614;1711.892410714286;
993;1;1711.892410714286;1713.618108708957;
994;0;1713.618108708957;1715.343806703629;
995;1;1715.343806703629;1717.069504698301;
996;0;1717.069504698301;1718.795202692972;
997;0;1718.795202692972;1720.520900687644;
998;0;1720.520900687644;1722.246598682316;
999;1;1722.246598682316;1723.972296676988;
1000;0;1723.972296676988;1725.697994671659;
1001;1;1725.697994671659;1727.423692666331;
1002;0;1727.423692666331;1729.149390661002;
1003;0;1729.149390661002;1730.875088655674;
1004;0;1730.875088655674;1732.600786650346;
1005;0;1732.600786650346;1734.326484645017;
1006;0;1734.326484645017;1736.052182639689;
1007;0;1736.052182639689;1737.777880634361;
1008;1;1737.777880634361;1739.503578629032;
1009;0;1739.503578629032;1741.229276623704;
1010;0;1741.229276623704;1742.954974618376;
1011;1;1742.954974618376;1744.680672613047;
1012;0;1744.680672613047;1746.406370607719;
1013;0;1746.406370607719;1748.132068602391;
1014;0;1748.132068602391;1749.857766597062;
1015;0;1749.857766597062;1751.583464591734;
1016;0;1751.583464591734;1753.309162586406;
1017;0;1753.309162586406;1755.034860581077;
1018;0;1755.034860581077;1756.760558575749;
1019;0;1756.760558575749;1758.486256570421;
1020;0;1758.486256570421;1760.211954565092;
1021;0;1760.211954565092;1761.937652559764;
1022;0;1761.937652559764;1763.663350554436;
1023;0;1763.663350554436;1765.389048549107;
1024;0;1765.389048549107;1767.114746543779;
1025;0;1767.114746543779;1768.840444538451;
1026;1;1768.840444538451;1770.566142533122;
1027;0;1770.566142533122;1772.291840527794;
1028;0;1772.291840527794;1774.017538522466;
1029;2;1774.017538522465;1775.743236517137;
1030;0;1775.743236517137;1777.468934511809;
1031;0;1777.468934511809;1779.194632506481;
1032;0;1779.194632506481;1780.920330501152;
1033;0;1780.920330501152;1782.646028495824;
1034;1;1782.646028495824;1784.371726490496;
1035;0;1784.371726490496;1786.097424485167;
1036;0;1786.097424485167;1787.823122479839;
1037;0;1787.823122479839;1789.548820474510;
1038;0;1789.548820474510;1791.274518469182;
1039;0;1791.274518469182;1793.000216463854;
1040;2;1793.000216463854;1794.725914458525;
1041;0;1794.725914458525;1796.451612453197;
1042;1;1796.451612453197;1798.177310447869;
1043;0;1798.177310447869;1799.903008442540;
1044;0;1799.903008442540;1801.628706437212;
1045;1;1801.628706437212;1803.354404431884;
1046;1;1803.354404431884;1805.080102426555;
1047;0;1805.080102426555;1806.805800421227;
1048;0;1806.805800421227;1808.531498415899;
1049;1;1808.531498415899;1810.257196410570;
1050;0;1810.257196410570;1811.982894405242;
1051;0;1811.982894405242;1813.708592399914;
1052;0;1813.708592399914;1815.434290394585;
1053;0;1815.434290394585;1817.159988389257;
1054;0;1817.159988389257;1818.885686383929;
1055;0;1818.885686383929;1820.611384378600;
1056;0;1820.611384378600;1822.337082373272;
1057;0;1822.337082373272;1824.062780367944;
1058;0;1824.062780367944;1825.788478362615;
1059;1;1825.788478362615;1827.514176357287;
1060;0;1827.514176357287;1829.239874351959;
1061;0;1829.239874351959;1830.965572346630;
1062;0;1830.965572346630;1832.691270341302;
1063;0;1832.691270341302;1834.416968335974;
1064;0;1834.416968335974;1836.142666330645;
1065;0;1836.142666330645;1837.868364325317;
1066;0;1837.868364325317;1839.594062319989;
1067;0;1839.594062319989;1841.319760314660;
1068;0;1841.319760314660;1843.045458309332;
1069;0;1843.045458309332;1844.771156304004;
1070;0;1844.771156304004;1846.496854298675;
1071;0;1846.496854298675;1848.222552293347;
1072;0;1848.222552293347;1849.948250288018;
1073;0;1849.948250288018;1851.673948282690;
1074;0;1851.673948282690;1853.399646277362;
1075;0;1853.399646277362;1855.125344272034;
1076;0;1855.125344272034;1856.851042266705;
1077;0;1856.851042266705;1858.576740261377;
1078;0;1858.576740261377;1860.302438256049;
1079;0;1860.302438256048;1862.028136250720;
1080;0;1862.028136250720;1863.753834245392;
1081;0;1863.753834245392;1865.479532240063;
1082;1;1865.479532240063;1867.205230234735;
1083;1;1867.205230234735;1868.930928229407;
1084;0;1868.930928229407;1870.656626224079;
1085;3;1870.656626224079;1872.382324218750;
